PMID,Title,Abstract,DOI
39248612,Incorporating Next-Generation Sequencing as a Second-Tier Test for Primary Carnitine Deficiency.,"Newborn screening (NBS) for primary carnitine deficiency (PCD) has poor performance. This study aimed to evaluate the feasibility of incorporating next-generation sequencing (NGS) as a second-tier PCD test. Between March and December 2020, 60,070 newborns were screened for inherited metabolic disorders. Newborns with free carnitine (C0) levels below 8.5 μmol/L were selected for second-tier genetic testing. In total, 130 (0.22%) newborns with low C0 levels underwent second-tier genetic testing, 87 (66.92%) had positive genetic testing results, and 30 (23.08%) carried pathogenic variants of the SLC22A5 gene. Six newborns were diagnosed with PCD. The incidence of PCD was approximately 1 in 1:10,012 newborns. The PPV reached 20% after combining with second-tier NGS. Of the eight variants identified in patients with PCD, the three most common variants were c.760C>T (p.Arg254*), c.51C>G (p.Phe17Leu), and c.1400C>G (p.Ser467Cys). The C0 levels of patients with PCD were significantly lower than those of PCD carriers (p = 0.0026) and PCD-negative individuals (p = 0.0005). Our results showed that the PPV reached 20% after combining with second-tier NGS. The MS/MS-based NBS and second-tier NGS combination can effectively reduce the false-positive rate and detect PCD in patients.",10.1002/mgg3.70003
39201429,"The Human OCTN Sub-Family: Gene and Protein Structure, Expression, and Regulation.","OCTN1 and OCTN2 are membrane transport proteins encoded by the SLC22A4 and SLC22A5 genes, respectively. Even though several transcripts have been predicted by bioinformatics for both genes, only one functional protein isoform has been described for each of them. Both proteins are ubiquitous, and depending on the physiopathological state of the cell, their expression is regulated by well-known transcription factors, although some aspects have been neglected. A plethora of missense variants with uncertain clinical significance are reported both in the dbSNP and the Catalogue of Somatic Mutations in Cancer (COSMIC) databases for both genes. Due to their involvement in human pathologies, such as inflammatory-based diseases (OCTN1/2), systemic primary carnitine deficiency (OCTN2), and drug disposition, it would be interesting to predict the impact of variants on human health from the perspective of precision medicine. Although the lack of a 3D structure for these two transport proteins hampers any speculation on the consequences of the polymorphisms, the already available 3D structures for other members of the SLC22 family may provide powerful tools to perform structure/function studies on WT and mutant proteins.",10.3390/ijms25168743
38961493,Screening primary carnitine deficiency in 10 million Chinese newborns: a systematic review and meta-analysis.,"Primary carnitine deficiency (PCD) is a rare autosomal recessive fatty acid oxidation disorder caused by variants in SLC22A5, with its prevalence and SLC22A5 gene mutation spectrum varying across races and regions. This study aimed to systematically analyze the incidence of PCD in China and delineate regional differences in the prevalence of PCD and SLC22A5 gene variants. PubMed, Embase, Web of Science, and Chinese databases were searched up to November 2023. Following quality assessment and data extraction, a meta-analysis was performed on screening results for PCD among Chinese newborns. After reviewing 1,889 articles, 22 studies involving 9,958,380 newborns and 476 PCD cases were included. Of the 476 patients with PCD, 469 underwent genetic diagnosis, revealing 890 variants of 934 alleles of SLC22A5, among which 107 different variants were detected. The meta-analysis showed that the prevalence of PCD in China was 0.05‰ [95%CI, (0.04‰, 0.06‰)] or 1/20 000 [95%CI, (1/16 667, 1/25 000)]. Subgroup analyses revealed a higher incidence in southern China [0.07‰, 95%CI, (0.05‰, 0.08‰)] than in northern China [0.02‰, 95%CI, (0.02‰, 0.03‰)] (P < 0.001). Furthermore, the result of the meta-analysis showed that the frequency of the variant with c.1400C > G, c.51C > G, c.760C > T, c.338G > A, and c.428C > T were 45% [95%CI, (34%, 59%)], 26% [95%CI, (22%, 31%)], 14% [95%CI, (10%, 20%)], 6% [95%CI, (4%, 8%)], and 5% [95%CI, (4%, 8%)], respectively. Among the subgroup analyses, the variant frequency of c.1400C > G in southern China [39%, 95%CI, (29%, 53%)] was significantly lower than that in northern China [79‰, 95%CI, (47‰, 135‰)] (P < 0.05). This study systematically analyzed PCD prevalence and identified common SLC22A5 gene variants in the Chinese population. The findings provide valuable epidemiological insights and guidance for future PCD screening effects in newborns.",10.1186/s13023-024-03267-x
38535123,Harnessing Next-Generation Sequencing as a Timely and Accurate Second-Tier Screening Test for Newborn Screening of Inborn Errors of Metabolism.,"In this study, we evaluated the implementation of a second-tier genetic screening test using an amplicon-based next-generation sequencing (NGS) panel in our laboratory during the period of 1 September 2021 to 31 August 2022 for the newborn screening (NBS) of six conditions for inborn errors of metabolism: citrullinemia type II (MIM #605814), systemic primary carnitine deficiency (MIM #212140), glutaric acidemia type I (MIM #231670), beta-ketothiolase deficiency (#203750), holocarboxylase synthetase deficiency (MIM #253270) and 3-hydroxy-3-methylglutaryl-CoA lyase deficiency (MIM # 246450). The custom-designed NGS panel can detect sequence variants in the relevant genes and also specifically screen for the presence of the hotspot variant IVS16ins3kb of SLC25A13 by the copy number variant calling algorithm. Genetic second-tier tests were performed for 1.8% of a total of 22,883 NBS samples. The false positive rate for these six conditions after the NGS second-tier test was only 0.017%, and two cases of citrullinemia type II would have been missed as false negatives if only biochemical first-tier testing was performed. The confirmed true positive cases were citrullinemia type II (n = 2) and systemic primary carnitine deficiency (n = 1). The false positives were later confirmed to be carrier of citrullinemia type II (n = 2), carrier of glutaric acidemia type I (n = 1) and carrier of systemic primary carnitine deficiency (n = 1). There were no false negatives reported. The incorporation of a second-tier genetic screening test by NGS greatly enhanced our program's performance with 5-working days turn-around time maintained as before. In addition, early genetic information is available at the time of recall to facilitate better clinical management and genetic counseling.",10.3390/ijns10010019
38469824,Cardiomyopathy associated with primary carnitine deficiency in adults: lack of complete response in patients with delayed treatment initiation.,Cardiomyopathy associated with primary carnitine deficiency in adults: lack of complete response in patients with delayed treatment initiation.,10.1016/j.rec.2023.08.011
38358548,"Cardiomyopathy, carnitine deficiency, and celiac disease.","Cardiomyopathy, carnitine deficiency, and celiac disease.",10.1007/s00431-024-05480-z
38158618,Newborn screening for primary carnitine deficiency using a second-tier genetic test.,"Newborn screening (NBS) for primary carnitine deficiency (PCD) exhibits suboptimal performance. This study proposes a strategy to enhance the efficacy of second-tier genetic screening by adjusting the cutoff value for free carnitine (C0). Between January 2021 and December 2022, we screened 119,898 neonates for inborn metabolic disorders. Neonates with C0 levels below 12 μmol/L were randomly selected for second-tier genetic screening, employing a novel matrix-assisted laser desorption/ionization-time of flight mass spectrometry (MALDI-TOF MS) assay. In total, 2,515 neonates with C0 <12 μmol/L underwent further screening, including 206 neonates with C0 <8.5 μmol/L and 320 neonates with 8.5<C0<12 μmol/L. Genetic screening identified positive results in 12.36 % (65) of neonates, with one being homozygous, 10 compound heterozygotes, and 54 heterozygotes. Sanger sequencing revealed a second SLC22A5 variant in three of the 54 neonates. Ultimately, 14 patients were diagnosed with PCD; all 14 patients exhibited low C0 levels, though two had normal C0 levels during the recall review. The MALDI-TOF MS assay demonstrated detection and diagnostic rates of 89.29 % and 78.57 %, respectively. Eleven distinct SLC22A5 variants were identified, with the most common variant being c.51C>G, accounting for 25 % (7/28) of allelic frequencies. A novel MALDI-TOF MS assay targeting 21 SLC22A5 variants in a Chinese population was successfully established. This assay exhibits a high detection and diagnostic rate, making it suitable for population-based genetic screening. Combined genetic screening is recommended to enhance the efficiency of PCD-NBS.",10.1515/jpem-2023-0513
37979236,Systemic primary carnitine deficiency induces severe arrhythmia due to shortening of QT interval.,"Systemic primary carnitine deficiency (PCD) is characterized by cardiomyopathy and arrhythmia. Without carnitine supplementation, progression is usually towards fatal cardiac decompensation. While the cardiomyopathy is most likely secondary to energy deficiency, the mechanism of arrhythmia is unclear, and may be related to a short QT interval. We aim to describe rhythmic manifestations at diagnosis and with carnitine supplementation. French patients diagnosed for PCD were retrospectively included. Clinical and para clinical data at diagnosis and during follow-up were collected. Electrocardiograms with QT interval measurements were blinded reviewed by two paediatric cardiologists. Nineteen patients (median age at diagnosis 2.3 years (extremes 0.3-28.9)) followed in 8 French centres were included. At diagnosis, 21% of patients (4/19) had arrhythmia (2 ventricular fibrillations, 1 ventricular tachycardia and 1 sudden death), and 84% (16/19) had cardiomyopathy. Six electrocardiograms before treatment out of 11 available displayed a short QT (QTc < 340 ms). Median corrected QTc after carnitine supplementation was 404 ms (extremes 341-447) versus 350 ms (extremes 282-421) before treatment (p < 0.001). The whole QTc was prolonged, and no patient reached the criterion of short QT syndrome with carnitine supplementation. Three patients died, probably from rhythmic cause without carnitine supplementation (two extra-hospital sudden deaths and one non-recoverable rhythmic storm before carnitine supplementation), whereas no rhythmic complication occurred in patients with carnitine supplementation. PCD is associated with shortening of the QT interval inducing severe arrhythmia. A potential explanation would be a toxic effect of accumulated fatty acid and metabolites on ionic channels embedded in the cell membrane. Carnitine supplementation normalizes the QTc and prevents arrhythmia. Newborn screening of primary carnitine deficiency would prevent avoidable deaths.",10.1016/j.ymgme.2023.107733
37802072,Human model of primary carnitine deficiency cardiomyopathy reveals ferroptosis as a novel mechanism.,"Primary carnitine deficiency (PCD) is an autosomal recessive monogenic disorder caused by mutations in SLC22A5. This gene encodes for OCTN2, which transports the essential metabolite carnitine into the cell. PCD patients suffer from muscular weakness and dilated cardiomyopathy. Two OCTN2-defective human induced pluripotent stem cell lines were generated, carrying a full OCTN2 knockout and a homozygous OCTN2 (N32S) loss-of-function mutation. OCTN2-defective genotypes showed lower force development and resting length in engineered heart tissue format compared with isogenic control. Force was sensitive to fatty acid-based media and associated with lipid accumulation, mitochondrial alteration, higher glucose uptake, and metabolic remodeling, replicating findings in animal models. The concordant results of OCTN2 (N32S) and -knockout emphasizes the relevance of OCTN2 for these findings. Importantly, genome-wide analysis and pharmacological inhibitor experiments identified ferroptosis, an iron- and lipid-dependent cell death pathway associated with fibroblast activation as a novel PCD cardiomyopathy disease mechanism.",10.1016/j.stemcr.2023.09.002
37658577,Left ventricular noncompaction cardiomyopathy and short QT syndrome due to primary carnitine deficiency.,"We report the case of a 13-year-old female patient presenting with presyncope and palpitations. Her electrocardiogram revealed an abbreviation of the rate-corrected QT interval with imaging showing significant left ventricular dysfunction. Carnitine levels were measured as part of her diagnostic workup, discovering a rare, reversible cause of short QT syndrome (SQTS) and associated cardiomyopathy-primary carnitine deficiency (PCD) caused by a homozygous mutation in the SLC22A5 gene, leading to an in-frame deletion mutation (NP_003051.1:p.Phe23del) affecting the organic cation transporter 2 (OCTN2) protein. Following the treatment with oral carnitine supplementation, her QT interval returned to within the normal range with significant improvement in left ventricular function.",10.1111/anec.13077
37628339,A Study of Maternal Patients Diagnosed with Inborn Errors of Metabolism Due to Positive Newborn Mass Screening in Their Newborns.,"There are reports of mothers being diagnosed with inborn errors of metabolism (IEM) via positive newborn screening (NBS) of their newborns. Mothers with IEM are often considered to have mild cases of little pathological significance. Based in Niigata Prefecture, this study aimed to investigate mothers newly diagnosed with IEM via positive NBS in their newborns using tandem mass spectrometry, and to clarify the disease frequency and severity. This was a single-institution, population-based, retrospective study. The subjects were mothers whose newborns had false-positive NBS, among 80,410 newborns who underwent NBS between April 2016 and May 2021. there were 3 new mothers were diagnosed with IEM (2 with primary systemic carnitine deficiency (PCD) and 1 with 3-methylcrotonyl-CoA carboxylase deficiency) out of 5 who underwent examination among 18 false positives. The opportunity for diagnosis was low C0 and high C5-OH acylcarnitine levels in their newborn. Two novel SLC22A5 variants (c.1063T > C/c.1266A > G) were identified in patients with PCD. None of the patients had any complications at the time of diagnosis, but two patients showed improvement in fatigue and headache after taking oral carnitine. New mothers with IEM cannot be considered as mild cases and need to be treated when necessary. The two novel SLC22A5 variants further expand the variant spectrum of PCD.",10.3390/children10081341
37487700,Newborn screening for primary carnitine deficiency: who will benefit? - a retrospective cohort study.,"Newborn screening (NBS) programmes identify a wide range of disease phenotypes, which raises the question whether early identification and treatment is beneficial for all. This study aims to answer this question for primary carnitine deficiency (PCD) taking into account that NBS for PCD identifies newborns with PCD and also until then undiagnosed mothers. We investigated clinical, genetic (variants in SLC22A5 gene) and functional (carnitine transport activity in fibroblasts) characteristics of all referred individuals through NBS (newborns and mothers) and clinically diagnosed patients with PCD (not through NBS). Disease phenotype in newborns was predicted using data from PCD mothers and cases published in literature with identical SLC22A5 variants. PCD was confirmed in 19/131 referred newborns, 37/82 referred mothers and 5 clinically diagnosed patients. Severe symptoms were observed in all clinically diagnosed patients, 1 newborn and none of the mothers identified by NBS. PCD was classified as severe in all 5 clinically diagnosed patients, 3/19 newborns and 1/37 mothers; as benign in 8/19 newborns and 36/37 mothers and as unknown in 8/19 newborns. Carnitine transport activity completely separated severe phenotype from benign phenotype (median (range): 4.0% (3.5-5.0)] vs 26% (9.5-42.5), respectively). The majority of mothers and a significant proportion of newborns with PCD identified through NBS are likely to remain asymptomatic without early treatment. Conversely, a small proportion of newborns with predicted severe PCD could greatly benefit from early treatment. Genetic variants and carnitine transport activity can be used to distinguish between these groups.",10.1136/jmg-2023-109206
37268964,A qualitative study on the perspectives of mothers who had been diagnosed with primary carnitine deficiency through newborn screening of their child.,"Primary carnitine deficiency is an inborn error of metabolism, which can lead to life-threating complications early in life. Low carnitine levels can be detected by newborn bloodspot screening (NBS). However, NBS can also identify, mostly asymptomatic, mothers with primary carnitine deficiency. To identify mothers' needs and areas for improving screening practice, this study explored the experiences with, and opinions on primary carnitine deficiency screening in NBS among women diagnosed through NBS of their newborn. Twelve Dutch women were interviewed, 3-11 years after diagnosis. Data were analysed using a thematic approach. Four main themes were derived: 1) psychological impact of primary carnitine deficiency diagnosis, 2) becoming a patient and ""patient-in-waiting"", 3) information issues and care provision, and 4) primary carnitine deficiency as part of the NBS panel. Mothers shared that they did not experience major psychological distress of the diagnosis. They did experience (recall) various emotions following the initial abnormal NBS result, including fear and anxiety as well as relief, and emotions regarding their own diagnosis, including uncertainty about health risks and treatment effectiveness. Some felt a patient-in-waiting. Many participants experienced a lack of information, especially shortly after receiving the abnormal NBS result. All shared the belief that screening for primary carnitine deficiency in NBS is beneficial for the newborn, and, given the information they received, also considered the knowledge beneficial for their own health. Psychological burden following diagnosis was experienced by women as limited, although the experienced lack of information amplified feelings of uncertainty and anxiety. Most mothers believed that benefits of knowing about primary carnitine deficiency outweighed the disadvantages. Mothers' perspectives should be incorporated in policy-making about primary carnitine deficiency in NBS.",10.1186/s13023-023-02735-0
37170672,Increased cytokine levels induced by high phenylalanine concentrations in late diagnosis PKU patients compared to early diagnosis: Anti-inflammatory effect of L-carnitine.,"Phenylketonuria (PKU) was the first genetic disease to have an effective therapy, which consists of phenylalanine intake restriction. However, there are patients who do not adhere to treatment and/or are not submitted to neonatal screening. PKU patients present L-carnitine (L-car) deficiency, compound that has demonstrated an antioxidant and anti-inflammatory role in metabolic diseases. This study evaluated the effect caused by exposure time to high Phe levels in PKU patients at early and late diagnosis, through pro- and anti-inflammatory cytokines, as well as the L-car effect in patients under treatment. It was observed that there was a decrease in phenylalanine levels in treated patients compared to patients at diagnosis, and an increase in L-car levels in the patients under treatment. Inverse correlation between Phe versus L-car and nitrate plus nitrite versus L-car in PKU patients was also showed. We found increased proinflammatory cytokines levels: interleukin (IL)-1β, interferons (IFN)-gamma, IL-2, tumor necrosis factor (TNF)-alpha, IL-8 and IL-6 in the patients at late diagnosis compared to controls, and IL-8 in the patients at early diagnosis and treatment compared to controls. Increased IL-2, TNF-alpha, IL-6 levels in the patients at late diagnosis compared to early diagnosis were shown, and reduced IL-6 levels in the treated patients compared to patients at late diagnosis. Moreover, it verified a negative correlation between IFN-gamma and L-car in treated patients. Otherwise, it was observed that there were increased IL-4 levels in the patients at late diagnosis compared to early diagnosis, and reduction in treated patients compared to late diagnosed patients. In urine, there was an increase in 8-isoprostane levels in the patients at diagnosis compared to controls and a decrease in oxidized guanine species in the treated patients compared to the diagnosed patients. Our results demonstrate for the first time in literature that time exposure to high Phe concentrations generates a proinflammatory status, especially in PKU patients with late diagnosis. A pro-oxidant status was verified in not treated PKU patients. Our results demonstrate the importance of early diagnosis and prompt start of treatment, in addition to the importance of L-car supplementation, which can improve cellular defense against inflammation and oxidative damage in PKU patients.",10.1002/cbf.3800
36755623,A Retrospective Analysis of Clinically Focused Exome Sequencing Results of 372 Infants with Suspected Monogenic Disorders in China.,"The context was designed to optimize the diagnostic utility of clinically focused exome sequencing (CFES) and shorten the diagnostic odyssey among pediatric patients suspected of monogenic disorders (MDs). Here, we retrospectively analyzed the clinical notes of 372 patients from different areas in the Jiangxi province that were referred for a diagnostic CFES and analysis from June 2018 to March 2022 with symptoms suggestive of MDs. In our study, preliminary tests using the proband-only clinical exome sequencing as a cost-effective first-tier diagnostic test for pediatric patients with unidentified MDs, supplemented by family segregation studies for targeted variants when indicated. Probands with confirmed diagnostic (CD) or likely diagnostic (LD) genetic influences accounted for 12% of all cases, whereas those with an uncertain diagnosis accounted for 48%. We also found that systemic primary carnitine deficiency (CDSP) (SLC22A5 gene) and phenylketonuria (PAH gene) were relatively more prevalent, and these patients with CDSP had the most frequent c.1400C > G variant (p.S467C) and c.51C > G variant (p. F17L) in this study. In addition, statistical analysis revealed that the estimates of diagnostic yields varied across certain phenotypic features of patients, and patients with specific phenotypic traits tended to benefit more from CFES. The CFES may be a first-line genetic test for diagnosing young children with suspected genetic conditions, as it validates the identification of molecular genetics alterations and facilitates comprehensive medical management. Moreover, we found that infants exhibiting metabolism/homeostasis abnormalities, craniofacial /otolaryngology/ ophthalmologic abnormalities, and/or the integument were significantly more likely to receive a genetic diagnosis via CFES than infants without such features. However, due to the current study's low diagnostic yield and inherent limitations, high-quality clinical studies with larger sample sizes are still needed to provide more likely results and confirm our findings.",10.2147/PGPM.S387767
36709933,[Analysis of blood carnitine profile and SLC22A5 gene variants in 17 neonates with Primary carnitine deficiency].,"To analyze the blood free carnitine (C0) level and SLC22A5 gene variants in 17 neonates with Primary carnitine deficiency (PCD) and to determine its incidence in local area and explore the correlation between C0 level and genotype. 148 043 newborns born in 9 counties (cities and districts) of Ningde city from September 2016 to June 2021 were selected as study subjects. Blood free carnitine and acyl carnitine of 148 043 neonates were analyzed. Variants of the SLC22A5 gene were screened in those with blood C0 < 10 µmol/L, or C0 between 10 ∼ 15 µmol/L. Correlation between the free carnitine level and genetic variants was analyzed. In total 17 neonates were diagnosed with PCD, which yielded a prevalence of 1/8 707 in the region. Twelve variants of the SLC22A5 gene were identified, with the common ones including c.760C>T, c.1400C>G and c.51C>G. Compared with those carrying other variants of the gene, children carrying the c.760C>T variant had significantly lower C0 values (P < 0.01). The prevalence of PCD is relatively high in Ningde area, and intervention measures should be taken to prevent and control the disease. The c. 760C>T variant is associated with lower level of C0, which can provide a clue for the diagnosis.",10.3760/cma.j.cn511377-20220125-00065
36343260,Functional genomics of OCTN2 variants informs protein-specific variant effect predictor for Carnitine Transporter Deficiency.,"Genetic variants in SLC22A5, encoding the membrane carnitine transporter OCTN2, cause the rare metabolic disorder Carnitine Transporter Deficiency (CTD). CTD is potentially lethal but actionable if detected early, with confirmatory diagnosis involving sequencing of SLC22A5. Interpretation of missense variants of uncertain significance (VUSs) is a major challenge. In this study, we sought to characterize the largest set to date (n = 150) of OCTN2 variants identified in diverse ancestral populations, with the goals of furthering our understanding of the mechanisms leading to OCTN2 loss-of-function (LOF) and creating a protein-specific variant effect prediction model for OCTN2 function. Uptake assays with 14C-carnitine revealed that 105 variants (70%) significantly reduced transport of carnitine compared to wild-type OCTN2, and 37 variants (25%) severely reduced function to less than 20%. All ancestral populations harbored LOF variants; 62% of green fluorescent protein (GFP)-tagged variants impaired OCTN2 localization to the plasma membrane of human embryonic kidney (HEK293T) cells, and subcellular localization significantly associated with function, revealing a major LOF mechanism of interest for CTD. With these data, we trained a model to classify variants as functional (>20% function) or LOF (<20% function). Our model outperformed existing state-of-the-art methods as evaluated by multiple performance metrics, with mean area under the receiver operating characteristic curve (AUROC) of 0.895 ± 0.025. In summary, in this study we generated a rich dataset of OCTN2 variant function and localization, revealed important disease-causing mechanisms, and improved upon machine learning-based prediction of OCTN2 variant function to aid in variant interpretation in the diagnosis and treatment of CTD.",10.1073/pnas.2210247119
36331231,Cardiologic evaluation of Turkish mitochondrial fatty acid oxidation disorders.,"Mitochondrial fatty acid oxidation disorders (FAODs) cause impairment in energy metabolism and can lead to a spectrum of cardiac pathologies including cardiomyopathy and arrhythmias. The frequency of underlying cardiac pathologies and the response to recommended treatment in FAODs was investigated. Sixty-eight children (35 males, 33 females) with the diagnosis of a FAOD were included in the study. Cardiac function was evaluated with 12-lead standard electrocardiography, echocardiography, and 24 h Holter monitoring. Forty-five patients (66%) were diagnosed after disease symptoms developed and 23 patients (34%) were diagnosed in the pre-symptomatic period. Among symptomatic patients (n: 45), cardiovascular findings were detected in 18 (40%) patients, including cardiomyopathy in 14 (31.1%) and conduction abnormalities in 4 (8.8%) patients. Cardiac symptoms were more frequently detected in primary systemic carnitine deficiency (57.1%). Patients with multiple acyl-CoA dehydrogenase, long-chain 3-hydroxyacyl-CoA dehydrogenase, and mitochondrial trifunctional protein deficiencies also had an increased frequency of cardiac symptoms. Patients with medium-chain acyl-CoA dehydrogenase, very long-chain acyl-CoA dehydrogenase, and carnitine palmitoyltransferase I deficiencies had a lower prevalence of cardiac symptoms both during admission and during clinical follow up. Cardiomyopathy resolved completely in 8/14 (57%) patients and partially in 2/14 (14.3%) patients with treatment. Two patients with cardiomyopathy died in the newborn period; cardiomyopathy persisted in 1 (7.1%) patient with very long-chain acyl-CoA dehydrogenase deficiency. Early diagnosis, treatment and follow up made a significant contribution to the improvement of cardiac symptoms of patients with FAODs.",10.1111/ped.15317
36321377,Phenotypic and molecular features of Thai patients with primary carnitine deficiency.,"Primary carnitine deficiency (PCD) is screened by expanded newborn screening (NBS) using tandem mass spectrometry (MS/MS) that can detect both affected neonates and mothers. This study aimed to delineate the clinical, biochemical, and molecular findings of Thai PCD patients. Expanded NBS using MS/MS was implemented in Bangkok and 146,757 neonates were screened between 2014 and 2018. PCD was screened by low free carnitine (C0) levels in dried blood spots. Plasma C0 levels and C0 clearance values were measured in neonates and their mothers with positive screening results. Clinically diagnosed cases were described. The coding regions and intron-exon boundaries of the SLC22A5 gene were sequenced in all cases with low plasma C0 levels. There were 14 cases with confirmed PCD: two clinically diagnosed cases, and 12 cases identified through NBS including five newborns, six mothers, and one older sibling. Thus, the incidence of PCD in neonates was 1:29,351. All affected neonates and mothers were asymptomatic except one mother with dilated cardiomyopathy. SLC22A5 gene sequencing identified biallelic causative variants in all cases, comprising 10 different variants of which four were novel. c.51C > G (p.Phe17Leu) and c.760C > T (p.Arg254Ter) were the most prevalent variants in this study. Cases with significant clinical features tended to have higher C0 clearance values. Primary carnitine deficiency is a common inherited metabolic disorder (IMD) in Thailand. Our findings broaden the spectrum of SLC22A5 variants. The future national NBS program will shed more light on PCD and other IMDs in Thailand.",10.1111/ped.15404
36200720,Primary Carnitine Deficiency as a Treatable Cause of Heart Failure in Young Patients.,"Non-ischemic dilated cardiomyopathy is the most common subgroup of heart failure in young adults. Several metabolic defects could be the underlying etiology in these young heart failure patients. However, most cases are considered idiopathic. Primary carnitine deficiency is an overlooked inherited metabolic disease causing cardiomyopathy in these patients. Oral carnitine replacement therapy could prevent primary carnitine deficiency patients from progressing to advanced heart failure and life-threatening arrhythmias. In this case report, we present an index primary carnitine deficiency case and his brother's diagnosis and successful treatment period to draw attention to primary carnitine deficiency as a treatable cause of heart failure in young adults.",10.5543/tkda.2022.21319
35909316,"Carnitine deficiency, hearing loss and hydrochlorothiazide-induced diabetes mellitus associated with the recurrent p.Trp85Arg variant in HNF4A.","Carnitine deficiency, hearing loss and hydrochlorothiazide-induced diabetes mellitus associated with the recurrent p.Trp85Arg variant in HNF4A.",10.1002/ajmg.a.62927
35853679,Rare case of primary carnitine deficiency presenting as acute liver failure.,"Systemic primary carnitine deficiency (PCD) is an autosomal recessive disorder caused by mutations in the SLC22A5 gene that encodes carnitine transporter, OCTN2. Transporter deficiency leads to defective fatty acid oxidation. Signs and symptoms ranging from liver injury in children to cardiomyopathy and skeletal myopathy in adults, manifest during periods of stress and fasting. Though acute liver failure is infrequently described, young children presenting as acute liver failure should be screened for fatty acid oxidation defects including PCD by testing plasma for amino acids and further confirmed by genetic sequencing. Early identification and treatment using L-carnitine is lifesaving. Our patient presented as acute liver failure and diagnosis of PCD was confirmed by metabolic screening and genetic sequencing. He responded to the treatment.",10.1136/bcr-2021-247225
35820418,Systemic Primary Carnitine Deficiency: A Case Report with Homozygoys SLC22A5 Gene Mutation.,Systemic Primary Carnitine Deficiency: A Case Report with Homozygoys SLC22A5 Gene Mutation.,10.1055/a-1730-5472
35788046,Lenvatinib causes reduced expression of carnitine/organic cation transporter 2 and carnitine deficiency in the skeletal muscle of rats.,"Lenvatinib, an oral tyrosine kinase inhibitor, is widely used to treat several types of advanced cancers but often causes muscular adverse reactions. Although carnitine supplementation may prevent these effects, the mechanism underlying lenvatinib-induced skeletal muscle impairment remains poorly understood. To this end, we aimed to investigate the impact of lenvatinib on carnitine disposition in rats. Once-daily administration of lenvatinib repeated for two weeks did not affect urinary excretion or serum concentration of carnitines throughout the treatment period but ultimately decreased the L-carnitine content in the skeletal muscle. The treatment decreased the expression of carnitine/organic cation transporter (OCTN) 2, a key transporter of carnitine, in skeletal muscle at the protein level but not at the mRNA level. In cultured C2C12 myocytes, lenvatinib inhibited OCTN2 expression in a dose-dependent manner at the protein level. Furthermore, lenvatinib dose-dependently decreased the protein levels of carnitine-related genes, adenosine triphosphate content, mitochondrial membrane potential, and markers of mitochondrial function in vitro. These results reveal the deleterious effects of lenvatinib on OCTN2 expression, carnitine content, and mitochondrial function in skeletal muscle that may be associated with muscle toxicity.",10.1016/j.toxlet.2022.06.012
35527759,Left ventricular noncompaction in primary systemic carnitine deficiency: A rare association.,Left ventricular noncompaction (LVNC) is a rare phenotype of dilated cardiomyopathy. We report a child with primary systemic carnitine deficiency having associated LVNC.,10.4103/apc.APC_152_20
35281663,Diagnosis of inborn errors of metabolism within the expanded newborn screening in the Madrid region.,"We present the results of our experience in the diagnosis of inborn errors of metabolism (IEM) since the Expanded Newborn Screening was implemented in our Region. Dried blood samples were collected 48 h after birth. Amino acids and acylcarnitines were quantitated by mass spectrometry (MS)/MS. Newborns with alterations were referred to the clinical centers for follow-up. Biochemical and molecular genetic studies for confirmation of a disease were performed. In the period 2011 to 2019, 592 822 children were screened: 902 of them were referred for abnormal results. An IEM was confirmed in 222 (1/2670): aminoacidopathies: 89 hyperphenylalaninemia (HPA) (51 benign HPA, 32 phenylketonuria, 4 DNAJC12 defect, and 2 primapterinuria), 6 hypermethioninemia, 3 tyrosinemia type 1 (TYR-1), 1 TYR-3, 4 maple syrup urine disease (MSUD), 2 branched-chain amino acid transferase 2 deficiency, 2 homocystinuria, 1 cystinuria, 2 ornithine transcarbamylase (OTC) deficiency, 2 citrullinemia type I (CTLN1); FAO defects: 43 medium-chain acyl-CoA dehydrogenase deficiency (MCADD), 13 very long-chain acyl-CoA dehydrogenase deficiency, 2 long-chain 3-hydroxyacyl-CoA dehydrogenase deficiency (LCHADD), 1 multiple acyl-coA dehydrogenation deficiency, 11 systemic primary carnitine deficiency, 2 carnitine palmitoyltransferase type 2 (CPT-II) deficiency, 1 CPT-I deficiency; organic acidurias: 12 glutaric aciduria type 1 (GA-1), 4 methylmalonic acidemia (MMA), 7 MMA including combined cases with homocystinuria (MMAHC), 6 propionic acidemia (PA), 7 3-methylcrotonyl-CoA carboxylase, 1 3-hydroxy-3-methylglutaryl-CoA lyase deficiency lyase deficiency. Only 19 infants (8.5%) were symptomatic at newborn screening result (1 LCHADD, 5 PA, 1 CPT-II deficiency, 1 MMA, 3 MMAHC, 2 MSUD, 2 OTC deficiency, 1 CTLN1, 1 MCADD, 2 TYR-1). No false negative cases were identified. Genetic diagnosis was conclusive in all biochemically confirmed cases, except for two infants with HPA, identifying pathogenic variants in 32 different genes. The conditions with the highest incidence were HPA (1/6661) and MCAD deficiencies (1/13 787).",10.1002/jmd2.12265
35193651,Application of a next-generation sequencing (NGS) panel in newborn screening efficiently identifies inborn disorders of neonates.,"Newborn screening (NBS) has been implemented for neonatal inborn disorders using various technology platforms, but false-positive and false-negative results are still common. In addition, target diseases of NBS are limited by suitable biomarkers. Here we sought to assess the feasibility of further improving the screening using next-generation sequencing technology. We designed a newborn genetic sequencing (NBGS) panel based on multiplex PCR and next generation sequencing to analyze 134 genes of 74 inborn disorders, that were validated in 287 samples with previously known mutations. A retrospective cohort of 4986 newborns was analyzed and compared with the biochemical results to evaluate the performance of this panel. The accuracy of the panel was 99.65% with all samples, and 154 mutations from 287 samples were 100% detected. In 4986 newborns, a total of 113 newborns were detected with biallelic or hemizygous mutations, of which 36 newborns were positive for the same disorder by both NBGS and conventional NBS (C-NBS) and 77 individuals were NBGS positive/C-NBS negative. Importantly, 4 of the 77 newborns were diagnosed currently including 1 newborn with methylmalonic acidemia, 1 newborn with primary systemic carnitine deficiency and 2 newborns with Wilson's disease. A total of 1326 newborns were found to be carriers with an overall carrier rate of 26.6%. Analysis based on next generation sequencing could effectively identify neonates affected with more congenital disorders. Combined with C-NBS, this approach may improve the early and accurate identification of neonates with inborn disorders. Our study lays the foundation for prospective studies and for implementing NGS-based analysis in NBS.",10.1186/s13023-022-02231-x
35188912,Case Study of an Elderly Patient With New Onset Weakness.,"We present a patient presented with new onset progressive proximal weakness. On examination noted to have proximal weakness on upper and lower limbs, with preserved reflexes, without sensory involvement. Blood work revealed to have elevated creatine kinase. On electromyography testing shows myopathic features and also noted to have myotonic discharges. Muscle biopsy was obtained next which showed many vacuolization, marked increase in all fat content noted. These findings led us to checking carnitine levels which were noted to be significantly reduced with elevated carnitine palmitoyltransferase levels. These findings highly suggestive of systemic carnitine deficiency. Secondary causes of systemic Carnitine deficiency not identified in this patient and presumed to have primary systemic carnitine deficiency. Patient improved on oral supplementation of L- Carnitine.",10.1097/CND.0000000000000381
35118545,Evaluation of the relationship between serum carnitine levels and intradialytic complications in children with kidney failure.,"Carnitine plays a crucial role in the metabolism of fatty acids as well as energy production. Previous research has suggested a significant decrease in carnitine levels in patients with kidney failure and those undergoing hemodialysis. Therefore, we designed this study to assess the prevalence and characteristics of carnitine deficiency and its association with hemodialysis complications in the pediatric population. This research was a pilot study of 29 children undergoing hemodialysis. Before hemodialysis, a 5-mL blood sample was drawn from each patient through a peripheral vein to measure serum-free carnitine levels, complete blood count with differential, blood urea nitrogen (BUN), creatinine, and electrolytes. Each patient was observed for intradialytic complications, including muscle cramps and hypotension, during 12 sessions of hemodialysis. We included 26 participants with a mean age of 14.23 years undergoing hemodialysis. Carnitine deficiency was revealed in 54.8% of our participants. Also, there was no significant correlation between carnitine deficiency and age, gender, and BUN levels (P = 0.698, P = 0.43, and P > 0.05, respectively). Intradialytic complications, including episodes of hypotension and muscle cramps, were more frequent in patients with carnitine deficiency (P = 0.02, P = 0.01, respectively). Other reasons for muscle cramps, such as fluid overload, nutritional status, dialysis regimen, and other important lab results (phosphorus, magnesium, etc.), were ruled out. In conclusion, we found a higher prevalence of carnitine deficiency in pediatric hemodialysis patients. Carnitine deficiency was significantly associated with increased intradialytic symptoms, including muscle spasms and hypotension. Our results could support a potential role of carnitine supplementation in pediatric patients with kidney failure for controlling intradialytic complications, but this requires further investigation. A higher resolution version of the Graphical abstract is available as Supplementary information.",10.1007/s00467-022-05449-w
35057527,Association between Levocarnitine Treatment and the Change in Knee Extensor Strength in Patients Undergoing Hemodialysis: A Post-Hoc Analysis of the Osaka Dialysis Complication Study (ODCS).,"Carnitine deficiency is prevalent in patients undergoing hemodialysis, and it could result in lowered muscle strength. So far, the effect of treatment with levocarnitine on lower limb muscle strength has not been well described. This observational study examined the association between treatment with levocarnitine with the change in knee extensor strength (KES) in hemodialysis patients. Eligible patients were selected from the participants enrolled in a prospective cohort study for whom muscle strength was measured annually. We identified 104 eligible patients for this analysis. During the one-year period between 2014 to 2015, 67 patients were treated with intravenous levocarnitine (1000 mg per shot, thrice weekly), whereas 37 patients were not. The change in KES was significantly higher (p = 0.01) in the carnitine group [0.02 (0.01-0.04) kgf/kg] as compared to the non-carnitine group [-0.02 (-0.04 to 0.01) kgf/kg]. Multivariable-adjusted regression analysis showed the positive association between the change in KES and the treatment with levocarnitine remained significant after adjustment for the baseline KES and other potential confounders. Thus, treatment with intravenous levocarnitine was independently and positively associated with the change in KES among hemodialysis patients. Further clinical trials are needed to provide more solid evidence.",10.3390/nu14020343
34997761,Clinical characteristics of primary carnitine deficiency: A structured review using a case-by-case approach.,"A broad spectrum of signs and symptoms has been attributed to primary carnitine deficiency (PCD) since its first description in 1973. Advances in diagnostic procedures have improved diagnostic accuracy and the introduction of PCD in newborn screening (NBS) programs has led to the identification of an increasing number of PCD patients, including mothers of screened newborns, who may show a different phenotype compared to clinically diagnosed patients. To elucidate the spectrum of signs and symptoms in PCD patients, we performed a structured literature review. Using a case-by-case approach, clinical characteristics, diagnostic data, and mode of patient identification were recorded. Signs and symptoms were categorized by organ involvement. In total, 166 articles were included, reporting data on 757 individual patients. In almost 20% (N = 136) of the cases, the diagnosis was based solely on low carnitine concentration which we considered an uncertain diagnosis of PCD. The remaining 621 cases had a diagnosis based on genetic and/or functional (ie, carnitine transporter activity) test results. In these 621 cases, cardiac symptoms (predominantly cardiomyopathy) were the most prevalent (23.8%). Neurological (7.1%), hepatic (8.4%), and metabolic (9.2%) symptoms occurred mainly in early childhood. Adult onset of symptoms occurred in 16 of 194 adult patients, of whom 6 (3.1%) patients suffered a severe event without any preceding symptom (five cardiac events and one coma). In conclusion, symptoms in PCD predominantly develop in early childhood. Most newborns and mothers of newborns detected through NBS remain asymptomatic. However, though rarely, severe complications do occur in both groups.",10.1002/jimd.12475
34863234,Biochemical and genetic characteristics of patients with primary carnitine deficiency identified through newborn screening.,"Primary carnitine deficiency (PCD) is an autosomal recessive disorder of carnitine transportation that leads to impaired fatty acid oxidation. Large-scale studies on newborn screening (NBS) for PCD are limited. This study aimed to investigate the biochemical and genetic characteristics of patients with PCD detected through NBS. A total of 548 247 newborns were screened for PCD between January 2014 and June 2021; 1714 newborns with low free carnitine (C0) levels were called back and 49 patients were diagnosed with PCD. The latest incidence rate in Quanzhou, China, was estimated to be 1 in 11 189 newborns. NBS results showed that the 49 patients had varying degrees of decreased C0 levels, whereas seven patients exhibited normal C0 levels during the recall review. All patients harbored biallelic pathogenic variants of the SLC22A5 gene. Nineteen distinct SLC22A5 variants were detected in these 49 patients, and most of the detected variants were clustered in exons 1, 4, and 7. The top eight variants had an allele frequency of 86.73%. The most common variant was c.760C > T (p.R254*) with an allele frequency of 31.63%, followed by c.51C > G (p.F17L) (17.35%) and c.1400C > G (p.S467C) (16.33%). The C0 level of patients with the N/N genotype was significantly lower than that of the M/M group. The C0 levels of patients with genotypes of R254*/R254* and R254*/F17L were far lower than those of patients with the R254*/S467C genotype. This study presented more than 500,000 NBS data with the latest incidence of 1:11 189 in the Quanzhou area. The SLC22A5 variant spectrum in the selected southern Chinese population has been updated. Patients with null variants were associated with low C0 levels. Combining NBS with genetic testing is critical to improve screening efficiency because patients with PCD may have normal C0 levels during NBS and recall review.",10.1186/s13023-021-02126-3
34839292,Relationship between Carnitine Deficiency and Tyrosine Kinase Inhibitor Use in Patients with Chronic Myeloid Leukemia.,"Some chemotherapeutic agents cause carnitine deficiency, which causes general fatigue. However, there is no study on carnitine deficiency in patients with chronic myeloid leukemia (CML) during tyrosine kinase inhibitor (TKI) therapy. In this study, we investigated carnitine concentrations in patients with CML receiving TKI therapy. This study included patients with well-controlled CML. Total carnitine and free carnitine concentrations were evaluated using the enzyme cycling method. The brief fatigue inventory (BFI) and cancer fatigue scale (CFS) were used to assess general fatigue developed during TKI therapy. Fifty-five patients on TKI therapy were included. Of these, 12 (21.8%) patients had low free carnitine concentrations. Free carnitine concentrations were higher in men than in women. Younger age was closely associated with lower free carnitine concentrations. TKI type, TKI dose, treatment response, or therapy duration were not associated with free carnitine concentrations. None of the scores (the global fatigue score with the BFI and CFS score) correlated with carnitine concentrations. Concentrations of free carnitine in patients in the treatment-free remission group were slightly higher than those in the TKI group, with only 9.1% having a low concentration of free carnitine. Carnitine deficiency is probably not a major cause of general fatigue but may occur in patients with CML receiving TKI therapy.",10.1159/000521113
34729741,[Analysis of metabolic profile and genetic variants for newborns with primary carnitine deficiency from Guangxi].,"To analyze the metabolic profile and genetic variants for newborns with primary carnitine deficiency (PCD) from Guangxi, China. From January 2014 to December 2019, 400 575 newborns from the jurisdiction of Guangxi Zhuang Autonomous Region Newborn Screening Center were subjected to tandem mass spectrometry (MS/MS) analysis. Newborns with positive results for PCD and their mothers were recalled for retesting. Those who were still positive were subjected to sequencing of the SLC22A5 gene. Twenty-two newborns and 9 mothers were diagnosed with PCD, which gave a prevalence rate of 1/18 208. Sequencing of 18 newborns and 4 mothers have identified 14 types of SLC22A5 gene variants, with the common ones including c.51C>G (10/44, 22.7%), c.1195C>T (9/44, 20.5%) and c.1400C>G (7/44, 15.9%), The c.517delC(p.L173Cfs*3) and c.1031C>T(p.T344I) were unreported previously and predicted to be pathogenic (PVS1+PM2_supporting+PM3+PP4) and likely pathogenic (PM1+PM2_supporting+PM3+PP3+PP4) based on the American College of Medical Genetics and Genomics standards and guidelines. c.51C>G, c.1195C>T and c.1400C>G are the most common variants underlying PCD in Guangxi.",10.3760/cma.j.cn511374-20200805-00586
34637945,3-Methylglutaconic aciduria in carriers of primary carnitine deficiency.,"The etiology of secondary 3-methylglutaconic aciduria (3-MGA-uria) is not well understood although is thought to be a marker of mitochondrial dysfunction. For this reason, suspicion for a secondary 3-MGA-uria often leads to an extensive clinical and laboratory work-up for mitochondrial disease, although in many cases evidence for mitochondrial dysfunction is never found. 3-methylglutaconic aciduria in healthy individuals without known metabolic disease has not been well described. Here, we describe clinical and biochemical features of 23 individuals evaluated at the Greenwood Genetic Center for low plasma free carnitine reported on newborn screening. Of the 23 individuals evaluated, four individuals were diagnosed with primary carnitine deficiency, 16 were identified as carriers for primary carnitine deficiency, and three individuals were determined to be unaffected non-carriers based on molecular and biochemical testing. Elevated 3-MGA (>20 mmol/mol of creatinine) was identified in nine carriers of primary carnitine deficiency, while all unaffected non carriers and all affected individuals with primary carnitine deficiency had a normal 3-MGA level (<20 mmol/mol of creatinine). Average 3-MGA among all carriers was 39.66 mmol/mol of creatinine. Average plasma free carnitine in among all carriers (n = 16) was 13.87 μm/L, and average plasma free carnitine was not significantly different between carriers with and those without elevated 3-MGA (p = 0.66). In summary, we describe elevated 3-MGA as a discriminatory feature in nine healthy carriers of primary carnitine deficiency. Our findings suggest that heterozygosity for pathogenic alterations on SLC22A5 should be considered in the differential for individuals with persistent 3-MGA-uria of unclear etiology.",10.1016/j.ejmg.2021.104365
34559155,General anesthesia with cisatracurium and sevoflurane for a patient with primary carnitine deficiency receiving L-carnitine therapy: A case report.,"Lipid storage myopathies (LSMs) are a series of genetic disorders of lipid metabolism predominantly affecting muscle. The low incidence and lethal properties of this disease make anesthesia experience limited in such patients. Among all etiologies of LSMs, primary carnitine deficiency (PCD) is now considered highly treatable by early administration of L-carnitine, though it remains unclear whether L-carnitine is effective enough to protect diseased muscle against conventionally used neuromuscular blocking agents (NMBAs) during general anesthesia. Currently, no data are available concerning possible prolonged muscle weakness in these cases. This case presents a 43-year-old female who was diagnosed with a PCD-induced LSM 3 years ago due to fatigability and exertional myalgias and has been treated with L-carnitine ever since. At the time of this report, she was admitted for uterine fibroids and scheduled for selective open gynecologic surgery under general anesthesia. The patient's diagnosis of PCD-induced LSM was based on the clinical features, muscle biopsy, and diminished organic cation/carnitine transporter 2 (OCTN2) transporter activity in the patient's skin fibroblasts. L-carnitine was taken by the patient until the morning of surgery. General anesthesia with cisatracurium and sevoflurane was selected as the anesthetic plan during the operation. The train-of-four (TOF) test was adopted as additional monitoring, particularly to track the recovery of neuromuscular function. The patient was extubated successfully following a spontaneously restored TOF ratio (TOFR) of 0.9. Nonetheless, we recorded a prolonged efficacy of cisatracurium in the clinical duration and the recovery time with TOFRs of 0.7 and 0.9, respectively. The conventional dose of cisatracurium combined with a low dose of sevoflurane can be safely used in patients with LSMs without additional anesthetic risks. Meanwhile, continuous TOF monitoring is recommended to perform high-quality anesthesia.",10.1097/MD.0000000000027333
34437764,Altered mitochondrial metabolism in peripheral blood cells from patients with inborn errors of β-oxidation.,"Inborn errors of mitochondrial fatty acid oxidation (FAO), such as medium-chain acyl-CoA dehydrogenase deficiency (MCAD) and very long-chain acyl-CoA dehydrogenase deficiency (VLCAD) affects cellular function and whole-body metabolism. Carnitine uptake deficiency (CUD) disturbs the transportation of fatty acids into the mitochondria, but when treated is a mild disease without significant effects on FAO. For improved clinical care of VLCAD in particular, estimation of FAO severity could be important. We have investigated whether the oxygen consumption rate (OCR) of peripheral blood mononuclear cells (PBMCs) obtained from patients with MCAD, VLCAD, and CUD can be used to study cellular metabolism in patients with FAO defects and to determine the severity of FAO impairment. PBMCs were isolated from patients with VLCAD (n = 9), MCAD (n = 5-7), and CUD (n = 5). OCR was measured within 6-hours of venous puncture using the Seahorse XFe96. The PBMCs were exposed to glucose alone or with caprylic acid (C8:0) or palmitic acid (C16:0). OCR was significantly lower in cells from patients with β-oxidation deficiencies (MCAD and VLCAD) compared to CUD at basal conditions. When exposed to C16:0, OCR in VLCAD cells was unchanged, whereas OCR in MCAD cells increased but not to the levels observed in CUD. However, C8:0 did not increase OCR, as would be expected, in VLCAD cells. There was no clear relationship between clinical severity level and OCR. In patients with β-oxidation deficiencies, changes of mitochondrial respiration in PBMCs are detectable, which indicate that PBMCs have translational potential for studies of β-oxidation defects. However, further studies are warranted.",10.1111/cts.13133
34178604,Newborn screening for carnitine transporter defect in Bavaria and the long-term follow-up of the identified newborns and mothers: Assessing the benefit and possible harm based on 19 ½ years of experience.,"Carnitine transporter defect (CTD) is a potentially life-threatening disorder causing acute metabolic decompensation, cardiac arrhythmia, and cardiac and skeletal myopathies. CTD is included in many newborn screening (NBS) programs. The screening parameter free carnitine, however, is influenced by maternal conditions due to placental transfer. This study reviewed the NBS results for CTD as part of a pilot study in Bavaria, Germany, and the long-term follow-up of the identified patients treated in our center between January 1999 and June 2018. Among 1,816,000 Bavarian NBS samples, six newborns were diagnosed with CTD (incidence of 1:302,667; positive predictive value (PPV) of 1.63% from 2008 to 2018). In the 24 newborns presented to our center for confirmatory testing, we detected four newborns and six mothers with CTD, one newborn and three mothers in whom CTD was presumed but not genetically confirmed, and one mother with glutaric aciduria type I. In 11 newborns, no indication for an inborn error of metabolism was found. The newborns and mothers with CTD had no serious cardiac adverse events or relevant muscular symptoms at diagnosis and during treatment for up to 14 years. Three mothers were lost to follow-up. Revealing a lower incidence than expected, our data confirm that NBS for CTD most likely misses newborns with CTD. It rather produces high numbers of false-positives and a low PPV picking up asymptomatic mothers with a diagnosis of uncertain clinical significance. Our data add to the growing evidence that argues against an implementation of CTD in NBS programs.",10.1016/j.ymgmr.2021.100776
34155781,L-carnitine supplementation for muscle weakness and fatigue in children with neurofibromatosis type 1: A Phase 2a clinical trial.,"Reduced muscle tone, muscle weakness, and physical fatigue can impact considerably on quality of life for children with neurofibromatosis type 1 (NF1). Human muscle biopsies and mouse models of NF1 deficiency in muscle show intramyocellular lipid accumulation, and preclinical data have indicated that L-carnitine supplementation can ameliorate this phenotype. The aim of this study is to examine whether daily L-carnitine supplementation is safe and feasible, and will improve muscle strength and reduce fatigue in children with NF1. A 12-week Phase 2a trial was conducted using 1000 mg daily oral levocarnitine tartrate supplementation. Recruited children were between 8 and 12 years old with a clinical diagnosis of NF1, history of muscle weakness and fatigue, and naïve to L-carnitine. Primary outcomes were safety (self-reporting, biochemical testing) and compliance. Secondary outcomes included plasma acylcarnitine profiles, functional measures (muscle strength, long jump, handwriting speed, 6-minute-walk test [6MWT]), and parent-reported questionnaires (PedsQL™, CBCL/6-18). Six children completed the trial with no self-reported adverse events. Biochemical tests for kidney and liver function were normal, and the average compliance was 95%. Plasma acylcarnitine levels were low, but within a range not clinically linked to carnitine deficiency. For strength measures, there was a mean 53% increase in dorsiflexion strength (95% confidence interval [CI] 8.89-60.75; p = 0.02) and mean 66% increase in plantarflexion strength (95% CI 12.99-134.1; p = 0.03). In terms of muscle performance, there was a mean 10% increase in long jump distance (95% CI 2.97-16.03; p = 0.01) and 6MWT distance (95% CI 5.88-75.45; p = 0.03). Comparison with the 1000 Norms Project data showed a significant improvement in Z-score for all of these measures. Parent reports showed no negative impact on quality of life, and the perceived benefits led to the majority of individuals remaining on L-carnitine after the study. Twelve weeks of L-carnitine supplementation is safe and feasible in children with NF1, and a Phase 3 trial should confirm the efficacy of treatment.",10.1002/ajmg.a.62392
34032155,Maternal Primary Carnitine Deficiency and a Novel Solute Carrier Family 22 Member 5 (SLC22A5) Mutation.,"Primary carnitine deficiency (PCD) is a rare autosomal recessive disorder caused by loss of function mutations in the solute carrier family 22 member 5 (SLC22A5) gene that encodes a high-affinity sodium-ion-dependent organic cation transporter protein (OCTN2). Reduced carnitine transport results in diminished fatty acid oxidation in heart and skeletal muscle and carnitine wasting in urine. We present a case of PCD diagnosed in an adult female after a positive newborn screen (NBS) for PCD that was not confirmed on follow-up testing. The mother was referred for evaluation of persistent fatigue and possible hypothyroidism even though all measurements of thyroid-stimulating hormone were well within the range of 0.4 to 2.5 mIU/L expected for reproductive-age women. She was found to have unequivocally low levels of both total carnitine and carnitine esters, and genetic testing revealed compound heterozygosity for 2 SLC22A5 mutations. One mutation (c.34G>A [p.Gly12Ser]) is a known missense mutation with partial OCTN2 activity, but the other mutation (c.41G>A [p.Trp14Ter]) is previously unreported and results in a premature stop codon and truncated OCTN2. This case illustrates that some maternal inborn errors of metabolism can be identified by NBS and that maternal carnitine levels should be checked after a positive NBS test for PCD.",10.1177/23247096211019543
33757571,Increased detection of primary carnitine deficiency through second-tier newborn genetic screening.,"Newborn screening for primary carnitine deficiency (NBS) is commonly implemented worldwide; however, it has poor sensitivity. This study aimed to evaluate the feasibility of improving screening by including a second-tier genetic assay. An Agena iPLEX assay was developed to identify 17 common SLC22A5 mutations in Chinese populations and was applied in NBS as a second-tier screening. From January 2017 to December 2018, 204,777 newborns were screened for PCD using tandem mass spectrometry. A total of 316 (0.15%) residual NBS-positive specimens with low free carnitine (C0) levels were subjected to this second-tier screening. The screening identified 20 screen-positive newborns who harboured biallelic mutations in theSLC22A5 gene, 99 carriers with one mutation, and 197 screen-negative newborns with no mutations. Among the 99 carriers, four newborns were found to have a second disease-causing SLC22A5mutation by further genetic analysis. Among the 197 screen-negatives were four newborns with persistently low C0 levels, and further genetic analysis revealed that one newborn had two novel SLC22A5 pathogenic variants. In total, 25 newborns were diagnosed with PCD, for a positive predictive value of 7.91% (25/316). Based on these data, we estimate the incidence of PCD in Quanzhou is estimated to be 1:8191.Thirteen distinct SLC22A5 variants were identified, and the most common was c.760C > T, with an allelic frequency of 32% (16/50), followed by c.1400C > G (7/50, 14%), and c.51C > G (7/50, 14%). Data from this study revealed that 24% (6/25) of PCD cases would have been missed by conventional NBS. This high-throughput iPLEX assay is a powerful tool for PCD genotyping. The addition of this second-tier genetic screening to the current NBS program could identify missed PCD cases, thereby increasing PCD detection. However, further studies are needed to optimise the workflow of the new screening algorithm and to evaluate the cost-effectiveness of this screening approach.",10.1186/s13023-021-01785-6
33720849,Targeted Therapies for Metabolic Myopathies Related to Glycogen Storage and Lipid Metabolism: a Systematic Review and Steps Towards a 'Treatabolome'.,"Metabolic myopathies are a heterogenous group of muscle diseases typically characterized by exercise intolerance, myalgia and progressive muscle weakness. Effective treatments for some of these diseases are available, but while our understanding of the pathogenesis of metabolic myopathies related to glycogen storage, lipid metabolism and β-oxidation is well established, evidence linking treatments with the precise causative genetic defect is lacking. The objective of this study was to collate all published evidence on pharmacological therapies for the aforementioned metabolic myopathies and link this to the genetic mutation in a format amenable to databasing for further computational use in line with the principles of the ""treatabolome"" project. A systematic literature review was conducted to retrieve all levels of evidence examining the therapeutic efficacy of pharmacological treatments on metabolic myopathies related to glycogen storage and lipid metabolism. A key inclusion criterion was the availability of the genetic variant of the treated patients in order to link treatment outcome with the genetic defect. Of the 1,085 articles initially identified, 268 full-text articles were assessed for eligibility, of which 87 were carried over into the final data extraction. The most studied metabolic myopathies were Pompe disease (45 articles), multiple acyl-CoA dehydrogenase deficiency related to mutations in the ETFDH gene (15 articles) and systemic primary carnitine deficiency (8 articles). The most studied therapeutic management strategies for these diseases were enzyme replacement therapy, riboflavin, and carnitine supplementation, respectively. This systematic review provides evidence for treatments of metabolic myopathies linked with the genetic defect in a computationally accessible format suitable for databasing in the treatabolome system, which will enable clinicians to acquire evidence on appropriate therapeutic options for their patient at the time of diagnosis.",10.3233/JND-200621
33661167,Hypoglycemia Due to Acquired Carnitine Deficiency in a Pediatric Patient Receiving Chemotherapy.,"We describe a 21-month-old male with relapsed clear cell sarcoma of the kidney receiving enteral nutrition who experienced recurrent, ketotic hypoglycemia. During relapse therapy, he had recurrent hypoglycemia episodes, in the setting of hematochezia and diarrhea. Evaluation revealed low carnitine levels. He received supplementation with oral levocarnitine throughout the remainder of treatment, resulting in normalization of serum carnitine levels and no further hypoglycemia. We believe adverse effects of the chemotherapy on his single kidney and gastrointestinal insult resulted in hypoglycemia and carnitine deficiency. Our case highlights that carnitine deficiency should be considered when acute onset hypoglycemia without obvious cause occurs.",10.1097/MPH.0000000000002128
33560599,Gene spectrum and clinical traits of 10 patients with primary carnitine deficiency.,"Rare studies focused on the tandem mass spectrometry (MS/MS) findings for the primary carnitine deficiency (PCD) in the neonates in China mainland. In this study, we aim to analyze the gene mutation spectrum of PCD in Fujian Province in China mainland. Primary carnitine deficiency (PCD) samples used in this study were selected from 95,453 cases underwent neonatal screening between May 2015 and February 2020. SLC22A5 gene sequencing was performed on the neonates and their parents with C0 level of less than 8.8 μmol/L. Ten patients (male: 7; female: 3) were finally included in this study. Among these patients, nine were neonates, and one was maternal decline of C0 of less than 8.8 μmol/L. The maternal case showed two types of mutations of SLC22A5 including c.760C>T(p.R254*) and c.1400C>G(p.S467C). The other nine neonates showed compound mutations involving nine types in 18 sites, among which two mutations [i.e., c.37G>T(p.E13*) and c.694A>G(p.T232A)] were novel that had never been reported before. Bioinformatic analysis indicated that c.37G>T(p.E13*) was a pathogenic mutation, while the c.694A>G (p.T232A) was considered to be likely pathogenic. MS/MS screening on PCD contributed to the early diagnosis and screening. In addition, SLC22A5 gene mutation analysis contributed to the PCD screening.",10.1002/mgg3.1583
33470531,Effectiveness of monitoring free carnitine levels for L-carnitine supplementation in hemodialysis patients to maintain carnitine sufficiency and nutritional factors.,"We investigated the effectiveness of monitoring serum carnitine levels in hemodialysis patients receiving L-carnitine supplementation. One-hundred forty-five hemodialysis patients were divided into three groups. Group 1 consisted of patients (n = 30) who had been receiving supplementation before this study and then discontinued at the beginning. The remaining patients were divided into Group 2 (n = 13) and Group 3 (n = 102) based on their baseline free carnitine (FC) level, <20 or ≥ 20 μmol/L. Group 2 was started on supplementation, and Groups 1 and 3 were observed without any intervention for the first 6 months. FC was measured every 6 months in all three groups up to 18 months. All patients in whom FC was less than 20 μmol/L at 6 and 12 months were prescribed supplementation. After the first 6 months, the mean ± SD of FC changed from 262.5 ± 87.5 μmol/L at baseline to 70.8 ± 33.6 μmol/L (P < 0.001) in Group 1, from 17.4 ± 1.9 to 193.9 ± 43.3 μmol/L (P < 0.001) in Group 2, and from 49.2 ± 24.6 to 44.2 ± 19.8 μmol/L (P < 0.05) in Group 3. The acyl/free carnitine changed from 0.62 to 0.59 in Group 1 (P = 0.287), from 0.76 to 0.66 in Group 2 (P = 0.054) and from 0.57 to 0.60 in Group 3 (P < 0.05). Of the 145 patients, 126 continued follow-up for the full 18 months. FC remained in the normal range (36-74 μmol/L) within the 95% CI. FC was considered a strong predictor of carnitine deficiency after 6 months (AUC: 0.9146, cut-off value: 33.8 μmol/L). FC monitoring is essential for appropriate carnitine supplementation in hemodialysis patients.",10.1111/1744-9987.13621
33268576,Biochemical and genetic characteristics of 40 neonates with carnitine deficiency.,"Primary carnitine deficiency (PCD) is a rare fatty acid metabolism disorder that can cause neonatal death. This study aims to analyze carnitine levels and detect SLC22A5 gene in newborns with carnitine deficiency, to provide a basis for early diagnosis of PCD, and to explore the relationship between carnitine in blood and SLC22A5 genotype. A total of 40 neonates with low free carnitine (C0<10 μmol/L) in blood were the subjects of the study. SLC22A5 gene was detected by Sanger sequencing to analyze the value of carnitine, the results of gene test and their relationship. A total of 15 variants of SLC22A5 gene were detected, including 11 pathogenic or likely pathogenic variants and 4 variants of uncertain significance. There were 5 new mutations: c.288delG (p.G96fsX33), c.744_745insTCG (p.M258_L259insS), c.752A>G (p.Y251C), c.495 C>A (p.R165E), and c.1298T>C (p.M433T). We found 14 PCD patients including 2 homozygous mutations and 12 heterozygous mutations, 14 with 1 mutation, and 12 with no mutation among 40 children. The C0 concentration of children with SLC22A5 gene homozygous or complex heterozygous mutations was (4.95±1.62) μmol/L in the initial screening, and (3.90±1.33) μmol/L in the second screening. The C0 concentration of children with no mutation was (7.04±2.05) μmol/L in the initial screening, and (8.02±2.87) μmol/L in the second screening. There were significant differences between children with homozygous or compound heterozygous mutations and with no mutation in C0 concentration of the initial and the second screening (both P<0.05), as well as between children with truncated mutation and with untruncated mutation in C0 concentration of the initial screening (P=0.022). There are 5 new mutations which enriched the mutation spectrum of SLC22A5 gene. C0<5 μmol/L is highly correlated with SLC22A5 gene homozygous or compound heterozygous mutations. Children with truncated mutation may have lower C0 concentration than that with untruncated mutation in the initial screening. 目的: 原发性肉碱缺乏症(primary carnitine deficiency，PCD)是一种罕见的可致新生儿死亡的脂肪酸代谢紊乱性疾病。本研究对新生儿足跟血行串联质谱分析筛查出的肉碱缺乏儿，进一步行血肉碱水平分析及SLC22A5基因检测，为PCD的早期诊断提供依据，同时探索血肉碱水平与SLC22A5基因型的关系。方法: 收集新生儿血串联质谱筛查游离肉碱(free carnitine，C0)值<10 μmol/L的40例患儿为研究对象，用Sanger测序方法对PCD的致病基因SLC22A5基因进行检测，分析肉碱水平、基因检测结果及两者的关系。结果: 共检出SLC22A5基因变异15种(42个)，包括11种致病或可能致病变异和4种意义不明变异。发现c.288delG(p.G96fsX33)，c.744_745insTCG(p.M258_L259insS)，c.752A>G(p.Y251C)，c.495C>A(p.R165E)，c.1298T>C(p.M433T)5种新突变。在40例串联质谱初筛肉碱缺乏的患儿中，14例被确诊为PCD，包括SLC22A5基因纯合突变2例，复合杂合突变12例；14例检出1个SLC22A5基因突变；12例未检出SLC22A5基因突变。确诊为PCD的患儿初筛C0值为(4.95±1.62) μmol/L，复查C0值为(3.90±1.33) μmol/L；未检出突变的患儿初筛C0值为(7.04±2.05) μmol/L，复查C0值为(8.02±2.87) μmol/L，确诊为PCD的患儿与未检出突变患儿的初筛及复查C0值差异均有统计学意义(均P<0.05)；检出截短突变的患儿与未检出截短突变的患儿初筛C0值差异有统计学意义(P=0.022)。结论: 发现的5种新突变丰富了SLC22A5基因突变谱；新生儿足跟血串联质谱初筛C0值<5 μmol/L与SLC22A5基因纯合或复合杂合突变型具有更强的相关性；具有截短突变的患儿较不含截短突变患儿的C0值可能更低。.",10.11817/j.issn.1672-7347.2020.190241
33181153,"Newborn screening for primary carnitine deficiency in Quanzhou, China.","Primary carnitine deficiency (PCD) is an autosomal recessive disease caused by functional defects in the carnitine transporter OCTN2 due to mutations in SLC22A5. Here, we aimed to understand the incidence, clinical, biochemical, and molecular features of PCD in Quanzhou, China. Newborn screening (NBS) was performed through tandem mass spectrometry (MS/MS) to detect genetic metabolic diseases. Next-generation sequencing was used to detect SLC22A5 mutations in patients with suspected PCD. From 364,545 newborns screened, 36 were diagnosed with PCD, in addition to five mothers. The incidence of PCD in children in the Quanzhou area was 1:10126. Eighteen SLC22A5 variants were found, with five novel ones. The most prevalent variant in neonatal and maternal patients was c.760C > T (p.R254*). Twenty-five neonatal patients received L-carnitine supplementation; however, one patient discontinued treatment and sudden death occurred. One sibling presented repeated fatigue, hypoglycemia, and coma, but the symptoms disappeared after treatment. Two mothers with PCD claimed to feel weak and easily fatigued. The incidence of PCD is relatively high in the Quanzhou area. Five novel variants were found, broadening the mutation spectrum of SLC22A5. NBS is effective in identifying PCD, and sudden death may be prevented with timely treatment.",10.1016/j.cca.2020.11.005
33139659,Effects of L-Carnitine Supplementation in Patients Receiving Hemodialysis or Peritoneal Dialysis.,"L-carnitine is an important factor in fatty acid metabolism, and carnitine deficiency is common in dialysis patients. This study evaluated whether L-carnitine supplementation improved muscle spasm, cardiac function, and renal anemia in dialysis patients. Eighty Japanese outpatients (62 hemodialysis (HD) patients and 18 peritoneal dialysis (PD) patients) received oral L-carnitine (600 mg/day) for 12 months; the HD patients further received intravenous L-carnitine injections (1000 mg three times/week) for 12 months, amounting to 24 months of treatment. Muscle spasm incidence was assessed using a questionnaire, and cardiac function was assessed using echocardiography. Baseline free carnitine concentrations were relatively low in patients who underwent dialysis for >4 years. Total carnitine serum concentration, free carnitine, and acylcarnitine significantly increased after oral L-carnitine treatment for 12 months, and after intravenous L-carnitine injection. There was no significant improvement in muscle spasms, although decreased muscle cramping after L-carnitine treatment was reported by 31% of patients who had undergone HD for >4 years. Hemoglobin concentrations increased significantly at 12 and 24 months in the HD group. Therefore, L-carnitine may be effective for reducing muscle cramping and improving hemoglobin levels in dialysis patients, especially those who have been undergoing dialysis for >4 years.",10.3390/nu12113371
33050909,Combined primary carnitine deficiency with neonatal intrahepatic cholestasis caused by citrin deficiency in a Chinese newborn.,"Primary carnitine deficiency (PCD) is an autosomal recessive disorder affecting the carnitine cycle and resulting in defective fatty acid oxidation. Neonatal intrahepatic cholestasis caused by citrin deficiency (NICCD) is an autosomal recessive disorder and one of the main causes of inherited neonatal cholestasis. Both PCD and NICCD are included in the current expanded newborn screening (NBS) targets. Targeted exome sequencing was performed on a Chinese proband, and Sanger sequencing was utilised to validate the detected mutations. The patient who was initially suspected to have PCD based on the NBS results presented with neonatal intrahepatic cholestasis and ventricular septal defect. Further investigations not only confirmed PCD but also revealed the presence of NICCD. Four distinct mutations were detected, including c.51C > G (p.F17L) and c.760C > T (p.R254X) in SLC22A5 as well as c.615 + 5G > A and IVS16ins3kb in SLC25A13. This is the first reported case of PCD and NICCD occurring in the same patient. The dual disorders in a newborn broaden our understanding of inherited metabolic diseases. Thus, this study highlighted the importance of further genetic testing in patients presenting with unusual metabolic screening findings.",10.1186/s12887-020-02372-7
